Workbook

Sheet Instructions
A1: How to fill in this evaluation table
A3: 1. Run the Kaggle notebook (rag_astronomy.ipynb). It produces eval_results.csv.
A4: 2. Open the Evaluation Table sheet.
A5: 3. For each question, paste the Baseline Final Answer and Improved Final Answer from eval_results.csv into columns F and J.
A6: 4. Paste the source labels (e.g., "Hubble Space Telescope, JWST, Mars") into columns E and I.
A7: 5. Use the dropdowns in columns G, H, K, L to mark Correct? (Yes/Partial/No) and Hallucinated? (Yes/No).
A8: 6. Fill column M (Failure Reason) using one of: wrong chunk, hallucination, incomplete, prompt ignored, ambiguous, refused.
A9: 7. The Summary sheet auto-calculates accuracy and hallucination rate for the report.
A11: Row color codes in Evaluation Table:
A12: Blue = factual questions
A13: Green = multi-step reasoning
A14: Yellow = ambiguous
A15: Red = hallucination/false-premise

Sheet Evaluation Table
A1: # | B1: Type | C1: Question | D1: Expected Answer | E1: Baseline Retrieved Sources | F1: Baseline Final Answer | G1: Baseline Correct? | H1: Baseline Hallucinated? | I1: Improved Retrieved Sources | J1: Improved Final Answer | K1: Improved Correct? | L1: Improved Hallucinated? | M1: Failure Reason | N1: Notes
A2: 1 | B2: factual | C2: When was the James Webb Space Telescope launched? | D2: December 25, 2021
A3: 2 | B3: factual | C3: What is the largest moon of Jupiter? | D3: Ganymede
A4: 3 | B4: factual | C4: Who was the first person to walk on the Moon? | D4: Neil Armstrong (Apollo 11)
A5: 4 | B5: factual | C5: How many planets did Voyager 2 visit during its flybys? | D5: Four: Jupiter, Saturn, Uranus, Neptune
A6: 5 | B6: factual | C6: What is the approximate surface temperature of Venus? | D6: About 465 deg C / 737 K
A7: 6 | B7: factual | C7: When did Chandrayaan-3 land on the Moon? | D7: August 23, 2023
A8: 7 | B8: reasoning | C8: Which is larger, Jupiter or Saturn, and roughly by how much? | D8: Jupiter is larger by mass and diameter
A9: 8 | B9: reasoning | C9: Which Voyager spacecraft has traveled farthest from Earth, and what was its primary scientific contribution? | D9: Voyager 1; interstellar space / outer planets imaging
A10: 9 | B10: reasoning | C10: Compare the scientific missions of the Curiosity and Perseverance rovers. | D10: Both Mars rovers; Curiosity studies habitability, Perseverance seeks biosignatures + sample caching
A11: 10 | B11: reasoning | C11: Which planets in our solar system have ring systems, and which planet has the most prominent rings? | D11: Jupiter, Saturn, Uranus, Neptune all have rings; Saturn most prominent
A12: 11 | B12: reasoning | C12: What is the relationship between supernovae and neutron stars? | D12: Neutron stars form from core-collapse supernova remnants of massive stars
A13: 12 | B13: ambiguous | C13: Tell me about Mars. | D13: Could refer to planet or Mars missions/rovers
... A19: 18 | B19: hallucination | C19: Summarize the successful Pluto landing mission of 2020. | D19: No Pluto landing has occurred; New Horizons only did a flyby in 2015

Sheet Summary
A1: Before vs After Performance Summary
A3: Metric | B3: Baseline | C3: Improved | D3: Delta
A4: Total questions | B4: =COUNTA('Evaluation Table'!C2:C19) -> 18 | C4: =COUNTA('Evaluation Table'!C2:C19) -> 18 | D4: =C4-B4 -> 0
A5: Correct (Yes) | B5: =COUNTIF('Evaluation Table'!G2:G19,"Yes") -> 0 | C5: =COUNTIF('Evaluation Table'!K2:K19,"Yes") -> 0 | D5: =C5-B5 -> 0
A6: Partial | B6: =COUNTIF('Evaluation Table'!G2:G19,"Partial") -> 0 | C6: =COUNTIF('Evaluation Table'!K2:K19,"Partial") -> 0 | D6: =C6-B6 -> 0
A7: Incorrect (No) | B7: =COUNTIF('Evaluation Table'!G2:G19,"No") -> 0 | C7: =COUNTIF('Evaluation Table'!K2:K19,"No") -> 0 | D7: =C7-B7 -> 0
A8: Hallucinations (Yes) | B8: =COUNTIF('Evaluation Table'!H2:H19,"Yes") -> 0 | C8: =COUNTIF('Evaluation Table'!L2:L19,"Yes") -> 0 | D8: =C8-B8 -> 0
A9: Accuracy (% correct) | B9: =B5/B4 -> 0 | C9: =C5/C4 -> 0 | D9: =C9-B9 -> 0
A10: Hallucination rate | B10: =B8/B4 -> 0 | C10: =C8/C4 -> 0 | D10: =C10-B10 -> 0
A13: Per-Type Accuracy
A14: Type | B14: Total | C14: Baseline Correct | D14: Improved Correct | E14: Baseline % | F14: Improved %
A15: factual | B15: =COUNTIF('Evaluation Table'!B2:B19,"factual") -> 6 | C15: =COUNTIFS('Evaluation Table'!B2:B19,"factual",'Evaluation Table'!G2:G19,"Yes") -> 0 | D15: =COUNTIFS('Evaluation Table'!B2:B19,"factual",'Evaluation Table'!K2:K19,"Yes") -> 0 | E15: =IFERROR(C15/B15,0) -> 0 | F15: =IFERROR(D15/B15,0) -> 0
A16: reasoning | B16: =COUNTIF('Evaluation Table'!B2:B19,"reasoning") -> 5 | C16: =COUNTIFS('Evaluation Table'!B2:B19,"reasoning",'Evaluation Table'!G2:G19,"Yes") -> 0 | D16: =COUNTIFS('Evaluation Table'!B2:B19,"reasoning",'Evaluation Table'!K2:K19,"Yes") -> 0 | E16: =IFERROR(C16/B16,0) -> 0 | F16: =IFERROR(D16/B16,0) -> 0
A17: ambiguous | B17: =COUNTIF('Evaluation Table'!B2:B19,"ambiguous") -> 4 | C17: =COUNTIFS('Evaluation Table'!B2:B19,"ambiguous",'Evaluation Table'!G2:G19,"Yes") -> 0 | D17: =COUNTIFS('Evaluation Table'!B2:B19,"ambiguous",'Evaluation Table'!K2:K19,"Yes") -> 0 | E17: =IFERROR(C17/B17,0) -> 0 | F17: =IFERROR(D17/B17,0) -> 0
A18: hallucination | B18: =COUNTIF('Evaluation Table'!B2:B19,"hallucination") -> 3 | C18: =COUNTIFS('Evaluation Table'!B2:B19,"hallucination",'Evaluation Table'!G2:G19,"Yes") -> 0 | D18: =COUNTIFS('Evaluation Table'!B2:B19,"hallucination",'Evaluation Table'!K2:K19,"Yes") -> 0 | E18: =IFERROR(C18/B18,0) -> 0 | F18: =IFERROR(D18/B18,0) -> 0
